{"current":{"type_base_family":"TimesNewRoman, 'Times New Roman', Times, Baskerville, Georgia, serif","type_header_family":"Google_Karla_400,700_sans","type_accent_family":"Google_Roboto_100,100i,300,300i,400,400i,500,500i,700,700i,900,900i_sans","favicon_enable":true,"img_size_product":"600x695","img_size_grid":"600x695","product_new_time":"7","product_grid_img_carousel":false,"mailing_list_form_action":"","color_skin":"#292929","color_skin_2":"#000000","bg_color":"#ffffff","color_top_header":"#ffffff","color_top_header_label":"#000000","color_top_header_border":"#000000","color_center_header":"#ffffff","color_menu_bg":"#000000","color_menu_links":"#000000","color_footer_newsletter_bar":"#000000","color_footer":"#000000","color_footer_heading":"#000000","color_footer_links":"#000000","color_social_links":"#000000","color_footer_text":"#000000","color_footer_border":"#000000","show_third_tab":false,"third_tab_title":"Additional Information","third_tab_text":"<p>You can use this tab for adding shipping details, return policies and information or measurements etc. <\/p>\n<p>\nLorem ipsum dolor sit amet, consectetuer adipiscing elit, sed diam nonummy nibh euismod tincidunt ut laoreet dolore magna aliquam erat volutpat. Ut wisi enim ad minim veniam, quis nostrud exerci tation ullamcorper suscipit lobortis nisl ut aliquip ex ea commodo consequat. Duis autem vel eum iriure dolor in hendrerit in vulputate velit esse molestie consequat, vel illum dolore eu feugiat nulla facilisis at vero eros et accumsan et iusto odio dignissim qui blandit praesent luptatum zzril delenit augue duis dolore te feugait nulla facilisi. Nam liber tempor cum soluta nobis eleifend option congue nihil imperdiet doming id quod mazim placerat facer possim assum. Typi<\/p>","product_page_layout":"horizontal_thumbs","show_tags_tab":false,"custom_tab_title":"","product_quantity_enable":true,"product_quantity_message":true,"product_vendor_enable":true,"product_show_compare_at_price":true,"related_products_enable":false,"product_reviews_enable":false,"show_map":true,"map_code":"<iframe src=\"https:\/\/www.google.com\/maps\/embed?pb=!1m18!1m12!1m3!1d2950.6822073234102!2d-83.71685604946924!3d42.30664594636449!2m3!1f0!2f0!3f0!3m2!1i1024!2i768!4f13.1!3m3!1m2!1s0x883cac2c20114b69%3A0x96fe590afa21efb6!2s2300+Traverwood+Dr%2C+Ann+Arbor%2C+MI+48105!5e0!3m2!1sen!2s!4v1461260551915\" width=\"100%\" height=\"400\" frameborder=\"0\" style=\"border:0\" allowfullscreen><\/iframe>","product_count_per_page":"5","show_collection_sidebar":"left","category_count":"5","collection_sidebar_filters":"groups","show_collection_side_image":true,"collection_side_link":"#","show_collection_side_listing":false,"collection_side_listing_title":"Random Products","collection_side_listing":"frontpage","cart_notes_enable":true,"ajax_cart_method":"page","shipping_calculator":"Enabled","shipping_calculator_heading":"Get shipping estimates","shipping_calculator_default_country":"United States","shipping_calculator_submit_button_label":"Calculate shipping","shipping_calculator_submit_button_label_disabled":"Calculating...","show_pupup":false,"popup_title":"newsletter","show_pupup_image":true,"popup_heading":"INSCREVA-SE PARA NOVIDADES","popup_description":"Digite seu endereço de e-mail para receber todas as novidades, atualizações sobre novidades, ofertas especiais e outras informações sobre descontos.","popup_btn_text":"INSCREVA-SE","popup_no_link_text":"Não mostrar","no_articles":"3","social_sidebar_enable":true,"social_twitter_link":"","social_facebook_link":"https:\/\/www.facebook.com\/profile.php?id=100088519852002&mibextid=LQQJ4d","social_pinterest_link":"","social_google_plus_link":"https:\/\/plus.google.com\/+shopify","social_instagram_link":"https:\/\/instagram.com\/varejo.baratao?igshid=YmMyMTA2M2Y=","social_tumblr_link":"","social_youtube_link":"","social_vimeo_link":"","social_fancy_link":"","show_dollar_symbol":false,"superscript_decimals":false,"show_multiple_currencies":false,"currency_format":"money_format","supported_currencies":"BRL","default_currency":"USD","checkout_header_image":"shopify:\/\/shop_images\/Design_sem_nome_35__resized.png","checkout_logo_image":"shopify:\/\/shop_images\/Varejo-removebg-preview_1_1.png","checkout_logo_position":"left","checkout_logo_size":"medium","checkout_body_background_image":"","checkout_body_background_color":"#f6f7f7","checkout_input_background_color_mode":"white","checkout_sidebar_background_image":"","checkout_sidebar_background_color":"#fafafa","checkout_heading_font":"Helvetica Neue","checkout_body_font":"Helvetica Neue","checkout_accent_color":"#000000","checkout_button_color":"#000000","checkout_error_color":"#000000","show_collection_top_image":true,"color_bottom_header_border":"#ffffff","product_sticky_layout":false,"product_vertical_thumbs":false,"product_vertical_related":false,"product_show_saved_amount":true,"product_enable_zoom":true,"social_follow_bar":true,"social_sharing_products":true,"social_sharing_blog":true,"social_sharing_count":true,"social_sharing_style":"is-default","share_facebook":true,"share_twitter":true,"share_pinterest":true,"share_fancy":true,"share_google":true,"type_base_size":"13px","show_banner":true,"sidebar_image_link":"collections\/all","collection_prod_image_sizes":"large","product_reviews_star_color":"#e5c649","footer_legallinks_enable":true,"footer_legallinks_linklist":"","type_navigation_size":"15px","type_navigation_transform":true,"type_button_size":"16px","type_button_transform":false,"logo_max_width":"305","logo_use_image":true,"type_header_transform":true,"color_primary":"#49aa9d","color_secondary":"#dcdcdc","color_accent":"#49aa9d","color_borders":"#ececec","color_header_background":"#ffffff","color_header_text":"#585858","color_header_cart_search":"#f2f2f2","color_nav_bg":"#49aa9d","color_nav_text":"#ffffff","color_body_text":"#585858","color_heading_text":"#333333","color_footer_bg":"#f2f2f2","color_footer_social_link":"#bbbbbb","sections":{"header":{"type":"header","blocks":{"1506089292967":{"type":"megamenu","settings":{"mega_menu":"","mega_menu_col_1":"menu","mega_menu_title_col_1":"Mobiles","mega_menu_ll_col_1":"main-menu","mega_menu_collection_col_1":"","mega_menu_image_link_col_1":"","mega_menu_col_2":"menu","mega_menu_title_col_2":"Computers","mega_menu_ll_col_2":"main-menu","mega_menu_collection_col_2":"","mega_menu_image_link_col_2":"","mega_menu_col_3":"menu","mega_menu_title_col_3":"Screens","mega_menu_ll_col_3":"main-menu","mega_menu_collection_col_3":"","mega_menu_image_link_col_3":"","mega_menu_col_4":"none","mega_menu_title_col_4":"Bags","mega_menu_ll_col_4":"main-menu","mega_menu_collection_col_4":"","mega_menu_image_link_col_4":""}},"1511184849418":{"type":"megamenu","settings":{"mega_menu":"","mega_menu_col_1":"menu","mega_menu_title_col_1":"Dresses","mega_menu_ll_col_1":"main-menu","mega_menu_collection_col_1":"","mega_menu_image_link_col_1":"","mega_menu_col_2":"menu","mega_menu_title_col_2":"Bags","mega_menu_ll_col_2":"main-menu","mega_menu_collection_col_2":"","mega_menu_image_link_col_2":"","mega_menu_col_3":"menu","mega_menu_title_col_3":"Shoes","mega_menu_ll_col_3":"main-menu","mega_menu_collection_col_3":"","mega_menu_image_link_col_3":"","mega_menu_col_4":"none","mega_menu_title_col_4":"Beauty","mega_menu_ll_col_4":"","mega_menu_collection_col_4":"","mega_menu_image_link_col_4":""}}},"block_order":["1506089292967","1511184849418"],"settings":{"header_layout":"header-1","use_top_bar":false,"top_bar_message":"FRETE GRÁTIS PARA TODO O BRASIL","logo_use_image":false,"logo":"shopify:\/\/shop_images\/Design_sem_nome_40.png","header_message":"","header_menu_1":"main-menu","header_menu_2":""}},"footer":{"type":"footer","settings":{"footer_layout":"footer-1","image":"shopify:\/\/shop_images\/98164109-7bdb-44ce-ab9d-c0f3826dd77b.jpg","footer_content_enable":false,"footer_about_us":"","footer_contact_info":"(64) 99321-5176","footer_menu_1":"footer","footer_menu_2":"","footer_menu_3":"","footer_menu_4":"","footer_menu_5":"","footer_newsletter_enable":true,"mailing_list_form_action":"","heading":"Inscreva-se","footer_social_enable":true,"footer_content_text":"Copyright © 2017  <a href=\"http:\/\/masstechnologist.com\/\">MassTechnologist.com.<\/a> All rights reserved."}},"1480267833382":{"type":"slideshow","blocks":{"1480267833382-1":{"type":"image","settings":{"image":"shopify:\/\/shop_images\/2_2f699035-4943-4ad4-818f-b513582f8749.png","animation_style":"slider-2","heading":"","heading_size":"40px","heading_color":"#ffffff","subheading":"","subheading_size":"32px","subheading_color":"#ffffff","description":"<p><\/p>","description_size":"16px","description_color":"#292929","slide_link_text":"","slide_link":"shopify:\/\/collections\/celular","link_bg":"#000000","link_color":"#ffffff","top":"55%","right":"15%","left":"","width":"95%","float":"low"}},"c7e8d772-893f-430e-af5c-97cc971dbb72":{"type":"image","settings":{"image":"shopify:\/\/shop_images\/4_14c0ee0f-e21c-4e2d-9982-d35e2df8af99.png","animation_style":"slider-1","heading":"","heading_size":"48px","heading_color":"#ffffff","subheading":"","subheading_size":"48px","subheading_color":"#ffffff","description":"","description_size":"48px","description_color":"#ffc300","slide_link_text":"Saiba mais!","slide_link":"shopify:\/\/pages\/duvidas-frequentes","link_bg":"#ffffff","link_color":"#000000","top":"15%","right":"0%","left":"0%","width":"100%","float":"center"}},"1480267833382-0":{"type":"image","settings":{"image":"shopify:\/\/shop_images\/1_d801ad7c-7784-44ef-9723-8ac91a746a7f.png","animation_style":"slider-1","heading":"","heading_size":"40px","heading_color":"#ffffff","subheading":"","subheading_size":"36px","subheading_color":"#ffffff","description":"<p><\/p>","description_size":"14px","description_color":"#292929","slide_link_text":"Comprar agora!","slide_link":"shopify:\/\/collections","link_bg":"#000000","link_color":"#ffffff","top":"75%","right":"40px","left":"0%","width":"100%","float":"center"}},"1043c8cd-fc86-4308-81ed-10d46f2d29b6":{"type":"image","settings":{"animation_style":"slider-1","heading":"","heading_size":"48px","heading_color":"#fff","subheading":"","subheading_size":"48px","subheading_color":"#fff","description":"","description_size":"48px","description_color":"#ffc300","slide_link_text":"","slide_link":"","link_bg":"#000","link_color":"#fff","top":"50%","right":"0%","left":"0%","width":"100%","float":"left"}},"1509641537668":{"type":"sideimage","disabled":true,"settings":{"link":"shopify:\/\/collections\/all"}},"1509641552865":{"type":"sideimage","disabled":true,"settings":{"link":"shopify:\/\/collections\/all"}}},"block_order":["1480267833382-1","c7e8d772-893f-430e-af5c-97cc971dbb72","1480267833382-0","1043c8cd-fc86-4308-81ed-10d46f2d29b6","1509641537668","1509641552865"],"settings":{"autoplay":true,"autoplay_speed":"5000","layout_slider":"slider-1","fullwidth":false,"heading":"Hot Deals"}},"brands":{"type":"brands","blocks":{"1499679798583":{"type":"image","settings":{"image":"","link":""}}},"block_order":["1499679798583"],"settings":{"layout":"brands","heading":"Logo Brands & Clients","fullwidth":true}},"1501181471034":{"type":"collection-tab","disabled":true,"settings":{"products_tab_layout":"products-tab4","listing_rows":"3","no_of_products":"2","heading":"Suporte para telefones","heading_color":"#ff8d68","heading_icon":"\\f1f9","link":"shopify:\/\/collections\/all","heading2":"Featured collection","heading_color2":"#ff8d68","heading_icon2":"ion-ipad","fullwidth":false,"products_tab_collection1":"celular","products_tab_collection2":"","products_tab_collection3":"tv-video","products_tab_collection4":"","products_tab_collection5":"","products_tab_count":"8","product_grid_img_carousel":false}},"1503231244573":{"type":"ad-banner","blocks":{"1506803279562":{"type":"image","settings":{"link":"shopify:\/\/collections\/all","heading":"","description":"","link_text":""}}},"block_order":["1506803279562"],"disabled":true,"settings":{"feature_advert_design":"feature-advert1","fullwidth":false}},"1504781997946":{"type":"service-box","blocks":{"1504781997946-0":{"type":"box","settings":{"feature_service_icon":"ion-android-time","feature_service_title":"Suporte 24h","feature_service_description":"Atendimento online"}},"1504781997946-1":{"type":"box","settings":{"feature_service_icon":"ion-ios-telephone","feature_service_title":"(64) 99321-5176","feature_service_description":"Tire dúvidas via WhatsApp"}},"1504782065705":{"type":"box","settings":{"feature_service_icon":"ion-ios-email-outline","feature_service_title":"sacvarejobaratao@gmail.com","feature_service_description":"Suporte de pedidos"}}},"block_order":["1504781997946-0","1504781997946-1","1504782065705"],"settings":{"layout":"feature-service2","fullwidth":false}},"1504983008053":{"type":"collection","disabled":true,"settings":{"collection_layout":"feature-carousal","heading":"Latest Arrivals","heading_icon":"356","link":"","collection":"","listing_rows":"1","no_of_products":"4","products_tab_count":"8","fullwidth":false,"product_grid_img_carousel":false}},"1508088344742":{"type":"collection-tab","settings":{"products_tab_layout":"products-tab1","listing_rows":"2","no_of_products":"2","heading":"EM DESTAQUE","heading_color":"#000000","heading_icon":"\\f465","link":"shopify:\/\/collections\/celular","heading2":"Featured collection","heading_color2":"#000000","heading_icon2":"ion-ipad","fullwidth":false,"products_tab_collection1":"ofertas","products_tab_collection2":"home-kitchen","products_tab_collection3":"","products_tab_collection4":"","products_tab_collection5":"","products_tab_count":"8","product_grid_img_carousel":false}},"1509373704466":{"type":"brands","blocks":{"1509373704466-0":{"type":"image","settings":{"link":"shopify:\/\/collections\/all"}},"1509373704466-1":{"type":"image","settings":{"link":"shopify:\/\/collections\/all"}},"1509373753755":{"type":"image","settings":{"link":"shopify:\/\/collections\/all"}},"1509373760841":{"type":"image","settings":{"link":"shopify:\/\/collections\/all"}},"1509373767400":{"type":"image","settings":{"link":"shopify:\/\/collections\/all"}},"1509373774774":{"type":"image","settings":{"link":"shopify:\/\/collections\/all"}}},"block_order":["1509373704466-0","1509373704466-1","1509373753755","1509373760841","1509373767400","1509373774774"],"disabled":true,"settings":{"layout":"brands","heading":"Logo Brands & Clients","fullwidth":false}},"1509675262835":{"type":"product-deals","blocks":{"1509675262835-0":{"type":"deal","settings":{"product_deal":"escova-modeladora-5-em-1","expiry_deal":"2023\/02\/08"}},"1509675262835-1":{"type":"deal","settings":{"product_deal":"suporte-de-celular-automotivo","expiry_deal":"2023\/02\/08"}},"1509704544976":{"type":"deal","settings":{"product_deal":"fita-removedora-de-imperfeicoes","expiry_deal":"2023\/02\/08"}},"1509704553152":{"type":"deal","settings":{"product_deal":"alfa-suporte-celular-gps-carro-veiculo-automatico-resistencia-base-de-rotacao","expiry_deal":"2023\/02\/08"}},"1509704562559":{"type":"deal","settings":{"product_deal":"eopo-designs-fashion-shirts","expiry_deal":"2018-01-05"}}},"block_order":["1509675262835-0","1509675262835-1","1509704544976","1509704553152","1509704562559"],"disabled":true,"settings":{"collection_layout":"deals-layout1","heading":"OFERTAS DO DIA","link":"shopify:\/\/collections\/all","fullwidth":false}},"1509796491045":{"type":"collection-tab","disabled":true,"settings":{"products_tab_layout":"products-tab1","listing_rows":"2","no_of_products":"2","heading":"Fashion","heading_color":"#bb1860","heading_icon":"\\f4f6","link":"shopify:\/\/collections\/all","heading2":"Featured collection","heading_color2":"#ff8d68","heading_icon2":"ion-ipad","fullwidth":false,"products_tab_collection1":"fashion","products_tab_collection2":"electronics","products_tab_collection3":"mobile-phones","products_tab_collection4":"","products_tab_collection5":"","products_tab_count":"8","product_grid_img_carousel":false}},"1509800162842":{"type":"collection-tab","disabled":true,"settings":{"products_tab_layout":"products-tab2","listing_rows":"1","no_of_products":"2","heading":"NOVOS PRODUTOS","heading_color":"#3498db","heading_icon":"\\f349","link":"shopify:\/\/products\/estacao-de-carregador-sem-fio-e-usb-100w","heading2":"MAIS VENDIDOS","heading_color2":"#f14902","heading_icon2":"\\f356","fullwidth":false,"products_tab_collection1":"eletronicos","products_tab_collection2":"mobile-phones","products_tab_collection3":"","products_tab_collection4":"","products_tab_collection5":"","products_tab_count":"8","product_grid_img_carousel":false}},"1511193722310":{"type":"collection-tab","settings":{"products_tab_layout":"products-tab1","listing_rows":"2","no_of_products":"2","heading":"Electronicos","heading_color":"#000000","heading_icon":"\\f43a","link":"","heading2":"Coleção em destaque","heading_color2":"#000000","heading_icon2":"ion-ipad","fullwidth":false,"products_tab_collection1":"eletronicos","products_tab_collection2":"tv-video","products_tab_collection3":"","products_tab_collection4":"","products_tab_collection5":"","products_tab_count":"8","product_grid_img_carousel":false}},"77afebfe-96dc-46b3-aeea-d84d7c50d263":{"type":"instagram-feed","disabled":true,"settings":{"layout":"instafeed","homepage_instagram_feed":true,"insta_title":"# PRESIDEN ON INSTAGRAM","description":"How us how you are styling your Rare pieces on Instagram with the hashtag #Presiden.","insta_access_token":"4032644233.1677ed0.c17607b4a50e46b1a13a7a7713af871f","insta_images_fetch":"10","fullwidth":true}},"54bc26e9-16cb-4688-a13d-049e59fe5ca5":{"type":"ad-banner","blocks":{"54bc26e9-16cb-4688-a13d-049e59fe5ca5-1676379605a3ada7ae-0":{"type":"image","settings":{"image":"shopify:\/\/shop_images\/Design_sem_nome_41_636f8c9c-3063-499c-9c4e-94abdda971a2.png","link":"","heading":"","description":"","link_text":""}},"54bc26e9-16cb-4688-a13d-049e59fe5ca5-1676379605a3ada7ae-1":{"type":"image","settings":{"image":"shopify:\/\/shop_images\/Facebook_1_ee23f4ef-8ffe-4fd3-ac17-d8d435d18d7b.jpg","link":"shopify:\/\/pages\/duvidas-frequentes","heading":"","description":"","link_text":""}}},"block_order":["54bc26e9-16cb-4688-a13d-049e59fe5ca5-1676379605a3ada7ae-0","54bc26e9-16cb-4688-a13d-049e59fe5ca5-1676379605a3ada7ae-1"],"disabled":true,"settings":{"feature_advert_design":"feature-advert2","fullwidth":true}}},"content_for_index":["1480267833382","54bc26e9-16cb-4688-a13d-049e59fe5ca5","1509373704466","1509675262835","1503231244573","1501181471034","1508088344742","1509796491045","1511193722310","1509800162842","1504781997946","1504983008053","77afebfe-96dc-46b3-aeea-d84d7c50d263"],"blocks":{"1143683040400472741":{"type":"shopify:\/\/apps\/trustoo-product-ali-reviews\/blocks\/trustoo-review-switch\/c8f15077-6475-4e86-ad06-b66038d5ba2c","disabled":false,"settings":{}}}},"presets":{}}