[{"name":"theme_info","theme_name":"Volga","theme_author":"Masstechnologist","theme_version":"1.0.0","theme_documentation_url":"https:\/\/help.shopify.com\/manual\/using-themes\/sections","theme_support_url":"https:\/\/support.shopify.com\/"},{"name":"Typography","settings":[{"type":"header","content":"Base styles"},{"type":"select","id":"type_base_family","label":"Font","options":[{"value":"'Avant Garde', Avantgarde, 'Century Gothic', CenturyGothic, 'AppleGothic', sans-serif","label":"Avant Garde","group":"Sans-serif"},{"value":"'Gill Sans', 'Gill Sans MT', Calibri, sans-serif","label":"Gill Sans","group":"Sans-serif"},{"value":"'HelveticaNeue', 'Helvetica Neue', Helvetica, Arial, sans-serif","label":"Helvetica Neue","group":"Sans-serif"},{"value":"Arial, 'Helvetica Neue', Helvetica, sans-serif","label":"Arial","group":"Sans-serif"},{"value":"Candara, Calibri, Segoe, 'Segoe UI', Optima, Arial, sans-serif","label":"Candara","group":"Sans-serif"},{"value":"Geneva, Tahoma, Verdana, sans-serif","label":"Geneva","group":"Sans-serif"},{"value":"Google_Droid+Sans_400,400i,700_sans","label":"Droid Sans","group":"Sans-serif | Google Web Fonts"},{"value":"Google_Lato_300,400,700,900_sans","label":"Lato","group":"Sans-serif | Google Web Fonts"},{"value":"Google_Montserrat_400,400i,700_sans","label":"Montserrat","group":"Sans-serif | Google Web Fonts"},{"value":"Google_Open+Sans_300,300i,400,400i,700,700i_sans","label":"Open Sans","group":"Sans-serif | Google Web Fonts"},{"value":"Google_PT+Sans_400,400i,700_sans","label":"PT Sans","group":"Sans-serif | Google Web Fonts"},{"value":"Google_Poppins_300,400,500,600,700,800_sans","label":"Poppins","group":"Sans-serif | Google Web Fonts"},{"value":"Google_Raleway_300,400,500,600,700,800_sans","label":"Raleway","group":"Sans-serif | Google Web Fonts"},{"value":"Google_Roboto_100,100i,300,300i,400,400i,500,500i,700,700i,900,900i_sans","label":"Roboto","group":"Sans-serif | Google Web Fonts"},{"value":"Google_Rubik_300,400,500,700,900_sans","label":"Rubik","group":"Sans-serif | Google Web Fonts"},{"value":"Google_Ubuntu_400,400i,500,600,700,800_sans","label":"Ubuntu","group":"Sans-serif | Google Web Fonts"},{"value":"Google_Karla_400,700_sans","label":"Karla","group":"Sans-serif | Google Web Fonts"},{"value":"'Big Caslon', 'Book Antiqua', 'Palatino Linotype', Georgia, serif","label":"Big Calson","group":"Serif"},{"value":"'Calisto MT', 'Bookman Old Style', Bookman, 'Goudy Old Style', Garamond, 'Hoefler Text', 'Bitstream Charter', Georgia, serif","label":"Calisto MT","group":"Serif"},{"value":"Baskerville, 'Baskerville Old Face', 'Hoefler Text', Garamond, 'Times New Roman', serif","label":"Baskerville","group":"Serif"},{"value":"Garamond, Baskerville, 'Baskerville Old Face', 'Hoefler Text', 'Times New Roman', serif","label":"Garamond","group":"Serif"},{"value":"Georgia, 'Hoefler Text', 'Times New Roman', serif","label":"Georgia","group":"Serif"},{"value":"TimesNewRoman, 'Times New Roman', Times, Baskerville, Georgia, serif","label":"Times New Roman","group":"Serif"},{"value":"Google_Arvo_400,400i,700_serif","label":"Arvo","group":"Serif | Google Web Fonts"},{"value":"Google_Crimson+Text_400,400i,700_serif","label":"Crimson Text","group":"Serif | Google Web Fonts"},{"value":"Google_Droid+Serif_400,400i,700_serif","label":"Droid Serif","group":"Serif | Google Web Fonts"},{"value":"Google_Lora_400,400i,700_serif","label":"Lora","group":"Serif | Google Web Fonts"},{"value":"Google_Playfair+Display_400,400i,700,900_serif","label":"Playfair Display","group":"Serif | Google Web Fonts"},{"value":"Google_PT+Serif_400,400i,700_serif","label":"PT Serif","group":"Serif | Google Web Fonts"},{"value":"Google_Vollkorn_400,400i,700_serif","label":"Vollkorn","group":"Serif | Google Web Fonts"}]},{"type":"header","content":"Heading and Navigation styles"},{"type":"select","id":"type_header_family","label":"Font","options":[{"value":"Google_Lobster+Two_400,400i,700,700i_sans","label":"Lobster Two","group":"Sans-serif | Google Web Fonts"},{"value":"Google_Raleway_300,400,500,600,700,800_sans","label":"Raleway","group":"Sans-serif | Google Web Fonts"},{"value":"'Avant Garde', Avantgarde, 'Century Gothic', CenturyGothic, 'AppleGothic', sans-serif","label":"Avant Garde","group":"Sans-serif"},{"value":"'Gill Sans', 'Gill Sans MT', Calibri, sans-serif","label":"Gill Sans","group":"Sans-serif"},{"value":"'HelveticaNeue', 'Helvetica Neue', Helvetica, Arial, sans-serif","label":"Helvetica Neue","group":"Sans-serif"},{"value":"Arial, 'Helvetica Neue', Helvetica, sans-serif","label":"Arial","group":"Sans-serif"},{"value":"Candara, Calibri, Segoe, 'Segoe UI', Optima, Arial, sans-serif","label":"Candara","group":"Sans-serif"},{"value":"Geneva, Tahoma, Verdana, sans-serif","label":"Geneva","group":"Sans-serif"},{"value":"Google_Droid+Sans_400,400i,700_sans","label":"Droid Sans","group":"Sans-serif | Google Web Fonts"},{"value":"Google_Josefin+Sans_400,400i,600,600i,700,700i_sans","label":"Josefin Sans","group":"Sans-serif | Google Web Fonts"},{"value":"Google_Karla_400,700_sans","label":"Karla","group":"Sans-serif | Google Web Fonts"},{"value":"Google_Lato_300,400,700,900_sans","label":"Lato","group":"Sans-serif | Google Web Fonts"},{"value":"Google_Montserrat_400,400i,700_sans","label":"Montserrat","group":"Sans-serif | Google Web Fonts"},{"value":"Google_Open+Sans_300,300i,400,400i,600,600i,700,700i,800,800i_sans","label":"Open Sans","group":"Sans-serif | Google Web Fonts"},{"value":"Google_PT+Sans_400,400i,700_sans","label":"PT Sans","group":"Sans-serif | Google Web Fonts"},{"value":"Google_Roboto_100,100i,300,300i,400,400i,500,500i,700,700i,900,900i_sans","label":"Roboto","group":"Sans-serif | Google Web Fonts"},{"value":"Google_Rubik_300,400,500,700,900_sans","label":"Rubik","group":"Sans-serif | Google Web Fonts"},{"value":"Google_Ubuntu_400,400i,700_sans","label":"Ubuntu","group":"Sans-serif | Google Web Fonts"},{"value":"'Big Caslon', 'Book Antiqua', 'Palatino Linotype', Georgia, serif","label":"Big Calson","group":"Serif"},{"value":"'Calisto MT', 'Bookman Old Style', Bookman, 'Goudy Old Style', Garamond, 'Hoefler Text', 'Bitstream Charter', Georgia, serif","label":"Calisto MT","group":"Serif"},{"value":"Baskerville, 'Baskerville Old Face', 'Hoefler Text', Garamond, 'Times New Roman', serif","label":"Baskerville","group":"Serif"},{"value":"Garamond, Baskerville, 'Baskerville Old Face', 'Hoefler Text', 'Times New Roman', serif","label":"Garamond","group":"Serif"},{"value":"TimesNewRoman, 'Times New Roman', Times, Baskerville, Georgia, serif","label":"Times New Roman","group":"Serif"},{"value":"Google_Arvo_400_serif","label":"Arvo","group":"Serif | Google Web Fonts"},{"value":"Google_Arvo_700_serif","label":"Arvo Bold","group":"Serif | Google Web Fonts"},{"value":"Google_Crimson+Text_400_serif","label":"Crimson Text","group":"Serif | Google Web Fonts"},{"value":"Google_Crimson+Text_700_serif","label":"Crimson Text Bold","group":"Serif | Google Web Fonts"},{"value":"Google_Droid+Serif_400_serif","label":"Droid Serif","group":"Serif | Google Web Fonts"},{"value":"Google_Droid+Serif_700_serif","label":"Droid Serif Bold","group":"Serif | Google Web Fonts"},{"value":"Google_Lora_400_serif","label":"Lora","group":"Serif | Google Web Fonts"},{"value":"Google_Lora_700_serif","label":"Lora Bold","group":"Serif | Google Web Fonts"},{"value":"Google_PT+Serif_400_serif","label":"PT Serif","group":"Serif | Google Web Fonts"},{"value":"Google_PT+Serif_700_serif","label":"PT Serif Bold","group":"Serif | Google Web Fonts"},{"value":"Google_Vollkorn_400_serif","label":"Vollkorn","group":"Serif | Google Web Fonts"},{"value":"Google_Vollkorn_700_serif","label":"Vollkorn Bold","group":"Serif | Google Web Fonts"}]},{"type":"header","content":"Alternate styles"},{"type":"select","id":"type_accent_family","label":"Font","options":[{"value":"Google_Lobster+Two_400,400i,700,700i_sans","label":"Lobster Two","group":"Sans-serif | Google Web Fonts"},{"value":"Google_Raleway_300,400,500,600,700,800_sans","label":"Raleway","group":"Sans-serif | Google Web Fonts"},{"value":"'Avant Garde', Avantgarde, 'Century Gothic', CenturyGothic, 'AppleGothic', sans-serif","label":"Avant Garde","group":"Sans-serif"},{"value":"'Gill Sans', 'Gill Sans MT', Calibri, sans-serif","label":"Gill Sans","group":"Sans-serif"},{"value":"'HelveticaNeue', 'Helvetica Neue', Helvetica, Arial, sans-serif","label":"Helvetica Neue","group":"Sans-serif"},{"value":"Arial, 'Helvetica Neue', Helvetica, sans-serif","label":"Arial","group":"Sans-serif"},{"value":"Candara, Calibri, Segoe, 'Segoe UI', Optima, Arial, sans-serif","label":"Candara","group":"Sans-serif"},{"value":"Geneva, Tahoma, Verdana, sans-serif","label":"Geneva","group":"Sans-serif"},{"value":"Google_Droid+Sans_400,400i,700_sans","label":"Droid Sans","group":"Sans-serif | Google Web Fonts"},{"value":"Google_Lato_300,400,700,800_sans","label":"Lato","group":"Sans-serif | Google Web Fonts"},{"value":"Google_Montserrat_400,400i,700_sans","label":"Montserrat","group":"Sans-serif | Google Web Fonts"},{"value":"Google_Open+Sans_300,300i,400,400i,600,600i,700,700i,800,800i_sans","label":"Open Sans","group":"Sans-serif | Google Web Fonts"},{"value":"Google_PT+Sans_400,400i,700_sans","label":"PT Sans","group":"Sans-serif | Google Web Fonts"},{"value":"Google_Poppins_300,400,500,600,700_sans","label":"Poppins","group":"Sans-serif | Google Web Fonts"},{"value":"Google_Roboto_100,100i,300,300i,400,400i,500,500i,700,700i,900,900i_sans","label":"Roboto","group":"Sans-serif | Google Web Fonts"},{"value":"Google_Ubuntu_400,400i,700_sans","label":"Ubuntu","group":"Sans-serif | Google Web Fonts"},{"value":"'Big Caslon', 'Book Antiqua', 'Palatino Linotype', Georgia, serif","label":"Big Calson","group":"Serif"},{"value":"'Calisto MT', 'Bookman Old Style', Bookman, 'Goudy Old Style', Garamond, 'Hoefler Text', 'Bitstream Charter', Georgia, serif","label":"Calisto MT","group":"Serif"},{"value":"Baskerville, 'Baskerville Old Face', 'Hoefler Text', Garamond, 'Times New Roman', serif","label":"Baskerville","group":"Serif"},{"value":"Garamond, Baskerville, 'Baskerville Old Face', 'Hoefler Text', 'Times New Roman', serif","label":"Garamond","group":"Serif"},{"value":"TimesNewRoman, 'Times New Roman', Times, Baskerville, Georgia, serif","label":"Times New Roman","group":"Serif"},{"value":"Google_Arvo_400_serif","label":"Arvo","group":"Serif | Google Web Fonts"},{"value":"Google_Arvo_700_serif","label":"Arvo Bold","group":"Serif | Google Web Fonts"},{"value":"Google_Crimson+Text_400_serif","label":"Crimson Text","group":"Serif | Google Web Fonts"},{"value":"Google_Crimson+Text_700_serif","label":"Crimson Text Bold","group":"Serif | Google Web Fonts"},{"value":"Google_Droid+Serif_400_serif","label":"Droid Serif","group":"Serif | Google Web Fonts"},{"value":"Google_Droid+Serif_700_serif","label":"Droid Serif Bold","group":"Serif | Google Web Fonts"},{"value":"Google_Lora_400_serif","label":"Lora","group":"Serif | Google Web Fonts"},{"value":"Google_Lora_700_serif","label":"Lora Bold","group":"Serif | Google Web Fonts"},{"value":"Google_PT+Serif_400_serif","label":"PT Serif","group":"Serif | Google Web Fonts"},{"value":"Google_PT+Serif_700_serif","label":"PT Serif Bold","group":"Serif | Google Web Fonts"},{"value":"Google_Vollkorn_400_serif","label":"Vollkorn","group":"Serif | Google Web Fonts"},{"value":"Google_Vollkorn_700_serif","label":"Vollkorn Bold","group":"Serif | Google Web Fonts"}]}]},{"name":"General Settings","settings":[{"type":"header","content":"Favicon"},{"type":"checkbox","id":"favicon_enable","label":"Use a custom icon"},{"type":"image","id":"favicon.png","label":"Custom favicon","info":"16 x 16px .png required"},{"type":"text","id":"img_size_product","label":"Image size on product page","default":"800x926","info":"Size given in pixels"},{"type":"text","id":"img_size_grid","label":"Image size on product grid","default":"800x847","info":"Size given in pixels"},{"type":"text","id":"product_new_time","label":"Days to list products as New","default":"7","info":"Used for showing New label"},{"type":"checkbox","id":"product_grid_img_carousel","label":"Slide All images in product grid?","default":true,"info":"Used for Product grid carousel enable\/disable"},{"type":"text","id":"mailing_list_form_action","label":"MailChimp form action URL","info":"[Find your MailChimp form action URL](https:\/\/docs.shopify.com\/manual\/configuration\/store-customization\/communicating-with-customers\/accounts-and-newsletters\/get-a-mailchimp-form-action-url\/)."}]},{"name":"Color","settings":[{"type":"header","content":"Skin Colors"},{"type":"color","id":"color_skin","label":"Color Skin","default":"#98ab3f"},{"type":"color","id":"color_skin_2","label":"Color Skin Secondary","default":"#f98903"},{"type":"color","id":"bg_color","label":"Background Color","default":"#f7f7f7"},{"type":"header","content":"Header Colors"},{"type":"color","id":"color_top_header","label":"Color Top Header Background","default":"#fff"},{"type":"color","id":"color_top_header_label","label":"Color Top Header Labels","default":"#fff"},{"type":"color","id":"color_top_header_border","label":"Color Border Top","default":"#e8ebef"},{"type":"color","id":"color_center_header","label":"Color Center Background","default":"#e8ebef"},{"type":"color","id":"color_menu_bg","label":"Color Menu Background","default":"#1b81c5"},{"type":"color","id":"color_menu_links","label":"Color Menu Links","default":"#fff"},{"type":"header","content":"Footer Colors"},{"type":"color","id":"color_footer_newsletter_bar","label":"Color Footer Newsletter Bar","default":"#303031"},{"type":"color","id":"color_footer","label":"Color Footer BG","default":"#f6f6f6"},{"type":"color","id":"color_footer_heading","label":"Color Footer Headings","default":"#292929"},{"type":"color","id":"color_footer_links","label":"Color Footer Links","default":"#fff"},{"type":"color","id":"color_social_links","label":"Color Social Links","default":"#ebebeb"},{"type":"color","id":"color_footer_text","label":"Color Footer Text","default":"#818181"},{"type":"color","id":"color_footer_border","label":"Color Footer Borders","default":"#ebebeb"}]},{"name":"Product page","settings":[{"type":"checkbox","id":"show_third_tab","label":"Show Extra Tab"},{"type":"text","id":"third_tab_title","label":"Extra Tab Title"},{"type":"textarea","id":"third_tab_text","label":"Third Tab Text","info":"Use basic HTML to format text"},{"type":"select","id":"product_page_layout","label":"Page layout","options":[{"value":"horizontal_thumbs","label":"Horizontal Thumbs layout"},{"value":"vertical_thumbs","label":"Vertical Thumbs layout"},{"value":"sticky_layout","label":"Sticky Layout"}],"default":"horizontal_thumbs"},{"type":"checkbox","id":"show_tags_tab","label":"Show Tags Tab","default":true},{"type":"text","id":"custom_tab_title","label":"Custom Tab Title(if added any)","default":"Additional Info"},{"type":"text","id":"product_summary_words","label":"Words count on summary area","default":"50"},{"type":"checkbox","id":"product_quantity_enable","label":"Show quantity selector"},{"type":"checkbox","id":"product_quantity_message","label":"Show remaining quantity message","info":"Shown when less than 10 items are in stock"},{"type":"checkbox","id":"product_vendor_enable","label":"Show product vendor","default":true},{"type":"checkbox","id":"product_show_compare_at_price","label":"Show compare at price","default":false},{"type":"checkbox","id":"related_products_enable","label":"Show related products"},{"type":"checkbox","id":"product_reviews_enable","label":"Enable product reviews","info":"Install the free Shopify [Product Reviews](https:\/\/apps.shopify.com\/product-reviews) app to add product reviews."}]},{"name":"Contact Us Page","settings":[{"type":"checkbox","id":"show_map","label":"Show map","default":true},{"type":"textarea","id":"map_code","label":"Map code snippet","info":"Go to google.com\/maps for generating code"}]},{"name":"Collection page","settings":[{"type":"text","id":"product_count_per_page","label":"Number of products to show","default":"12"},{"type":"select","id":"show_collection_sidebar","label":"Sidebar position","options":[{"value":"no","label":"No Sidebar"},{"value":"left","label":"Left Sidebar"},{"value":"right","label":"Right Sidebar"}],"default":"left"},{"type":"select","id":"collection_view_default","label":"Sidebar position","options":[{"value":"grid","label":"grid"},{"value":"list","label":"List"}],"default":"list"},{"type":"text","id":"category_count","label":"Categories count on sidebar","default":"5"},{"type":"radio","id":"collection_sidebar_filters","label":"Sidebar product filters","options":[{"value":"tags","label":"By tag"},{"value":"groups","label":"By group"}],"info":"[Learn how to set up filter groups](https:\/\/\/docs.shopify.com\/manual\/more\/official-shopify-themes\/supply#enable-group-filtering)."},{"type":"checkbox","id":"show_collection_side_image","label":"Show Sidebar Image","default":true},{"type":"image","id":"collection_side.jpg","label":"Side image"},{"type":"text","id":"collection_side_link","label":"Side image link"},{"type":"checkbox","id":"show_collection_side_listing","label":"Show Sidebar Listings","default":true},{"type":"text","id":"collection_side_listing_title","label":"Heading"},{"type":"collection","id":"collection_side_listing","label":"Collection to Show"}]},{"name":"Cart page","settings":[{"type":"checkbox","id":"cart_notes_enable","label":"Enable order notes"},{"type":"select","id":"ajax_cart_method","label":"Cart type","options":[{"value":"page","label":"Page"}],"default":"page"}]},{"name":"Shipping Rates Calculator","settings":[{"type":"select","id":"shipping_calculator","label":"Show the shipping calculator?","options":[{"value":"Disabled","label":"No"},{"value":"Enabled","label":"Yes"}],"default":"Enabled"},{"type":"text","id":"shipping_calculator_heading","label":"Heading text","default":"Get shipping estimates"},{"type":"text","id":"shipping_calculator_default_country","label":"Default country selection","default":"United States"},{"type":"paragraph","content":"If your customer is logged-in, the country in his default shipping address will be selected. If you are not sure about the  spelling to use here, refer to the first checkout page."},{"type":"text","id":"shipping_calculator_submit_button_label","label":"Submit button label","default":"Calculate shipping"},{"type":"text","id":"shipping_calculator_submit_button_label_disabled","label":"Submit button label when calculating","default":"Calculating..."}]},{"name":"Newsletter Popup","settings":[{"type":"checkbox","id":"show_pupup","label":"Show Popup","default":true},{"type":"textarea","id":"popup_title","label":"Popup title","default":"newsletter"},{"type":"checkbox","id":"show_pupup_image","label":"Show Popup Background image","default":true},{"type":"image","id":"popup_img.png","label":"Popup image"},{"type":"text","id":"popup_heading","label":"Heading"},{"type":"textarea","id":"popup_description","label":"Description"},{"type":"textarea","id":"popup_btn_text","label":"Subscribe button text"},{"type":"textarea","id":"popup_no_link_text","label":"Not Interested link text"}]},{"name":"Blog page","settings":[{"type":"text","id":"no_articles","label":"No of articles to show","default":"5"}]},{"name":"Social media","settings":[{"type":"header","content":"Accounts"},{"type":"checkbox","id":"social_sidebar_enable","label":"Show social media Sidebar icons","default":true},{"type":"text","id":"social_twitter_link","label":"Twitter","info":"https:\/\/twitter.com\/shopify"},{"type":"text","id":"social_facebook_link","label":"Facebook","info":"https:\/\/facebook.com\/shopify"},{"type":"text","id":"social_pinterest_link","label":"Pinterest","info":"https:\/\/pinterest.com\/shopify"},{"type":"text","id":"social_google_plus_link","label":"Google+","info":"https:\/\/plus.google.com\/+shopify"},{"type":"text","id":"social_instagram_link","label":"Instagram","info":"https:\/\/instagram.com\/shopify"},{"type":"text","id":"social_tumblr_link","label":"Tumblr","info":"https:\/\/www.tumblr.com"},{"type":"text","id":"social_youtube_link","label":"YouTube","info":"https:\/\/www.youtube.com\/shopify"},{"type":"text","id":"social_vimeo_link","label":"Vimeo","info":"https:\/\/vimeo.com\/shopify"},{"type":"text","id":"social_fancy_link","label":"Fancy","info":"http:\/\/fancy.com\/shopify"}]},{"name":"Price format","settings":[{"type":"checkbox","id":"show_dollar_symbol","label":"Show dollar sign"},{"type":"checkbox","id":"superscript_decimals","label":"Show cents as superscript"}]},{"name":"Currency","settings":[{"type":"paragraph","content":"To offer multiple currencies on your online store, you must first [edit your store's currency formatting](https:\/\/docs.shopify.com\/manual\/using-themes\/troubleshooting\/help-script-find-money-formats)."},{"type":"checkbox","id":"show_multiple_currencies","label":"Enable currency conversion","default":true,"info":"Even though prices are displayed in different currencies, orders will still be processed in your store's currency."},{"type":"select","id":"currency_format","label":"Format","options":[{"value":"money_format","label":"Without currency ($10.00)"},{"value":"money_with_currency_format","label":"With currency ($10.00 CAD)"}],"default":"money_format"},{"type":"text","id":"supported_currencies","label":"Supported currencies","default":"INR GBP CAD USD AUD EUR JPY","info":"Use the country's ISO [currency code](http:\/\/www.xe.com\/iso4217.php). Separate your currency codes with a space."},{"type":"text","id":"default_currency","label":"Default currency","default":"USD"}]}]